"address","title","category","city","google_map_link","workhours","latitude","longitude","phone","avg_rating","rating_count","state","website"
"6451 Mill Creek Canyon Rd, Salt Lake City, UT 84109, United States","Log Haven","New American restaurant","Salt Lake City","https://www.google.com/maps/place/Log+Haven/data=!4m7!3m6!1s0x87526144fb581109:0xc4b28478ff4aebd!8m2!3d40.6982751!4d-111.7266011!16s%2Fg%2F1tdyr875!19sChIJCRFY-0RhUocRva70j0coSww?authuser=0&hl=en&rclk=1","Tuesday, 5:30 to 9 pm; Wednesday, 5:30 to 9 pm; Thursday, 5:30 to 9 pm; Friday, 5:30 to 9 pm; Saturday, 5:30 to 9 pm; Sunday, 5:30 to 9 pm; Monday, 5:30 to 9 pm. Hide open hours for the week","40.6982751","-111.7266011","+1 801-272-8255","4.7","1740","Utah","log-haven.com"
"19 N University Ave, Provo, UT 84601, United States","Black Sheep Cafe","Native American restaurant","Provo","https://www.google.com/maps/place/Black+Sheep+Cafe/data=!4m7!3m6!1s0x874d97536d3a43e7:0xbb3b993934429c54!8m2!3d40.2342829!4d-111.6590597!16s%2Fg%2F11g_cgcyv!19sChIJ50M6bVOXTYcRVJxCNDmZO7s?authuser=0&hl=en&rclk=1","Tuesday, 11:30 am to 2:30 pm, 5 to 9 pm; Wednesday, 11:30 am to 2:30 pm, 5 to 9 pm; Thursday, 11:30 am to 2:30 pm, 5 to 9 pm; Friday, 11:30 am to 2:30 pm, 5 to 9:30 pm; Saturday, 12 to 3 pm, 5 to 9:30 pm; Sunday, Closed; Monday, 11:30 am to 2:30 pm, 5 to 9 pm. Hide open hours for the week","40.2342829","-111.6590597","+1 801-607-2485","4.5","1637","Utah","blacksheepcafe.com"
"9565 Wasatch Blvd, Sandy, UT 84092, United States","La Caille Restaurant",,"Cottonwood Heights","https://www.google.com/maps/place/La+Caille+Restaurant/data=!4m7!3m6!1s0x87527cc3475aa1d7:0xf7d52f151b960c3c!8m2!3d40.5756556!4d-111.7921556!16s%2Fg%2F1v8l02dy!19sChIJ16FaR8N8UocRPAyWGxUv1fc?authuser=0&hl=en&rclk=1",,"40.5756556","-111.7921556","+1 801-942-1751","4.5","1456","Utah","lacaille.com"
"8841 N Alpine Lp Rd, Sundance, UT 84604, United States","The Tree Room at Sundance Resort","American restaurant","Provo","https://www.google.com/maps/place/The+Tree+Room+at+Sundance+Resort/data=!4m7!3m6!1s0x874d8ea4b59b053b:0x47f0036377afc2d5!8m2!3d40.39227!4d-111.5786397!16s%2Fg%2F1tl0xtrk!19sChIJOwWbtaSOTYcR1cKvd2MD8Ec?authuser=0&hl=en&rclk=1","Tuesday, Closed; Wednesday, 5 to 9 pm; Thursday, 5 to 9 pm; Friday, 5 to 9 pm; Saturday, 5 to 9 pm; Sunday, Closed; Monday, Closed. Hide open hours for the week","40.39227","-111.5786397","+1 801-223-4200","4.6","445","Utah","sundanceresort.com"
"1457 E 3350 S, Salt Lake City, UT 84106, United States","Table X","American restaurant","Salt Lake City","https://www.google.com/maps/place/Table+X/data=!4m7!3m6!1s0x875261d3e4d083a5:0x7287d6f40d42e31f!8m2!3d40.6990987!4d-111.8498486!16s%2Fg%2F11cs1lfljq!19sChIJpYPQ5NNhUocRH-NCDfTWh3I?authuser=0&hl=en&rclk=1","Tuesday, Closed; Wednesday, 5 to 9 pm; Thursday, 5 to 9 pm; Friday, 5 to 9 pm; Saturday, 5 to 9 pm; Sunday, Closed; Monday, Closed. Hide open hours for the week","40.6990987","-111.8498486","+1 385-528-3712","4.6","726","Utah","tablexrestaurant.com"
"11516 District Main Dr #500, South Jordan, UT 84095, United States","The Wild Rose","Fine dining restaurant","South Jordan","https://www.google.com/maps/place/The+Wild+Rose/data=!4m7!3m6!1s0x8752859680cd0953:0xa8921434b9e37d34!8m2!3d40.542558!4d-111.980981!16s%2Fg%2F1tczqvd7!19sChIJUwnNgJaFUocRNH3juTQUkqg?authuser=0&hl=en&rclk=1","Tuesday, 5 to 9 pm; Wednesday, 5 to 9 pm; Thursday, 5 to 9 pm; Friday, 5 to 9:30 pm; Saturday, 5 to 9:30 pm; Sunday, Closed; Monday, 5 to 9 pm. Hide open hours for the week","40.542558","-111.980981","+1 801-790-7673","4.6","447","Utah","wildrose-district.com"
"20 UT-12, Boulder, UT 84716, United States","Hell's Backbone Grill & Farm","American restaurant","Boulder","https://www.google.com/maps/place/Hell%27s+Backbone+Grill+%26+Farm/data=!4m7!3m6!1s0x8735f4581f7cdeb3:0x8c2850804cb69ac6!8m2!3d37.9023971!4d-111.4238739!16s%2Fg%2F11b7_s4xzc!19sChIJs958H1j0NYcRxpq2TIBQKIw?authuser=0&hl=en&rclk=1","Tuesday, Closed; Wednesday, Closed; Thursday, 4 to 9 pm; Friday, 4 to 9 pm; Saturday, 4 to 9 pm; Sunday, 4 to 9 pm; Monday, 4 to 9 pm. Hide open hours for the week","37.9023971","-111.4238739","+1 435-335-7464","4.7","1032","Utah","hellsbackbonegrill.com"
"6263 Holladay Blvd E, Holladay, UT 84121, United States","Franck's Restaurant","Fusion restaurant","Cottonwood Heights","https://www.google.com/maps/place/Franck%27s+Restaurant/data=!4m7!3m6!1s0x875262548bcf0b75:0xec572f287c20d89c!8m2!3d40.6373949!4d-111.8116372!16s%2Fg%2F11btv6btb_!19sChIJdQvPi1RiUocRnNggfCgvV-w?authuser=0&hl=en&rclk=1","Tuesday, 5 to 9 pm; Wednesday, 5 to 9 pm; Thursday, 5 to 9 pm; Friday, 5 to 9:30 pm; Saturday, 5 to 9:30 pm; Sunday, 10:30 am to 2:30 pm, 5 to 8:30 pm; Monday, Closed. Hide open hours for the week","40.6373949","-111.8116372","+1 801-274-6264","4.7","737","Utah","francksfood.com"
"8256 S 700 E, Sandy, UT 84070, United States","Tiburon","Restaurant","Sandy","https://www.google.com/maps/place/Tiburon/data=!4m7!3m6!1s0x875288163b6c1f89:0x1897659e39fe18b4!8m2!3d40.6010641!4d-111.8725553!16s%2Fm%2F021cwp6!19sChIJiR9sOxaIUocRtBj-OZ5llxg?authuser=0&hl=en&rclk=1","Tuesday, 5 to 9 pm; Wednesday, 5 to 9 pm; Thursday, 5 to 9 pm; Friday, 5 to 9:30 pm; Saturday, 5 to 9:30 pm; Sunday, 5 to 9 pm; Monday, 5 to 9 pm. Hide open hours for the week","40.6010641","-111.8725553","+1 801-255-1200","4.7","940","Utah","tiburonfinedining.com"
"111 E Broadway #170, Salt Lake City, UT 84111, United States","The Copper Onion","American restaurant","Salt Lake City","https://www.google.com/maps/place/The+Copper+Onion/data=!4m7!3m6!1s0x8752f511e6e92fad:0x1060fd13b457b3cb!8m2!3d40.7630797!4d-111.8872299!16s%2Fg%2F1tdk5npk!19sChIJrS_p5hH1UocRy7NXtBP9YBA?authuser=0&hl=en&rclk=1","Tuesday, 11:30 am to 3 pm, 5 to 10 pm; Wednesday, 11:30 am to 3 pm, 5 to 10 pm; Thursday, 11:30 am to 3 pm, 5 to 10 pm; Friday, 11:30 am to 3 pm, 5 to 10 pm; Saturday, 10:30 am to 3 pm, 5 to 10 pm; Sunday, 10:30 am to 3 pm, 5 to 10 pm; Monday, 11:30 am to 3 pm, 5 to 10 pm. Hide open hours for the week","40.7630797","-111.8872299","+1 801-355-3282","4.4","3427","Utah","thecopperonion.com"
"368 E 100 S, Salt Lake City, UT 84111, United States","Oquirrh Restaurant","American restaurant","Salt Lake City","https://www.google.com/maps/place/Oquirrh+Restaurant/data=!4m7!3m6!1s0x8752f54b19126d1b:0x6e6c801af153fd05!8m2!3d40.7669253!4d-111.8803379!16s%2Fg%2F11h5wp825z!19sChIJG20SGUv1UocRBf1T8RqAbG4?authuser=0&hl=en&rclk=1","Tuesday, 4:30 to 10 pm; Wednesday, 4:30 to 10 pm; Thursday, 4:30 to 10 pm; Friday, 4:30 to 10 pm; Saturday, 10 am to 2 pm, 4:30 to 10 pm; Sunday, 10 am to 2 pm, 4:30 to 10 pm; Monday, 4:30 to 10 pm. Hide open hours for the week","40.7669253","-111.8803379","+1 801-359-0426","4.6","616","Utah","oquirrhslc.com"
"3003 Thanksgiving Wy, Lehi, UT 84043, United States","Harvest Restaurant","American restaurant","Lehi","https://www.google.com/maps/place/Harvest+Restaurant/data=!4m7!3m6!1s0x87528020a278ab47:0x3f60ed7a97f5ad5b!8m2!3d40.4258611!4d-111.8872389!16s%2Fg%2F11h1424w6!19sChIJR6t4oiCAUocRW631l3rtYD8?authuser=0&hl=en&rclk=1","Tuesday, 11 am to 3 pm, 5 to 9 pm; Wednesday, 11 am to 3 pm, 5 to 9 pm; Thursday, 11 am to 3 pm, 5 to 9 pm; Friday, 11 am to 3 pm, 5 to 9 pm; Saturday, 5 to 9 pm; Sunday, Closed; Monday, 11 am to 3 pm, 5 to 9 pm. Hide open hours for the week",,"-111.8872389","+1 801-768-4990","4.4","1006","Utah","thanksgivingpoint.org"
"2832 E 6200 S, Salt Lake City, UT 84121, United States","Tuscany Restaurant","Fine dining restaurant","Holladay","https://www.google.com/maps/place/Tuscany+Restaurant/data=!4m7!3m6!1s0x875262549d09ed89:0x759b9b7d58f8f495!8m2!3d40.637945!4d-111.8115181!16s%2Fg%2F1w4562db!19sChIJie0JnVRiUocRlfT4WH2bm3U?authuser=0&hl=en&rclk=1","Tuesday, 5 to 9 pm; Wednesday, 5 to 9 pm; Thursday, 5 to 9 pm; Friday, 5 to 9:30 pm; Saturday, 5 to 9:30 pm; Sunday, 5 to 9 pm; Monday, 5 to 9 pm. Hide open hours for the week","40.637945","-111.8115181","+1 801-277-9919","4.5","1395","Utah","tuscanyslc.com"
"418 E 200 S, Salt Lake City, UT 84111, United States","HSL","American restaurant","Salt Lake City","https://www.google.com/maps/place/HSL/data=!4m7!3m6!1s0x8752f56d646be8bd:0x4aa5cfbbe1294105!8m2!3d40.764807!4d-111.87873!16s%2Fg%2F11cmd395yt!19sChIJvehrZG31UocRBUEp4bvPpUo?authuser=0&hl=en&rclk=1","Tuesday, 5 to 9 pm; Wednesday, 5 to 9 pm; Thursday, 5 to 9 pm; Friday, 5 to 10 pm; Saturday, 5 to 10 pm; Sunday, Closed; Monday, 5 to 9 pm. Hide open hours for the week",,"-111.87873","+1 801-539-9999","4.6","862","Utah","hslrestaurant.com"
"321 US-6, Eureka, UT 84628, United States","Cast Iron Bistro","Restaurant","Eureka","https://www.google.com/maps/place/Cast+Iron+Bistro/data=!4m7!3m6!1s0x874d118bafab1f1d:0x938644831dbf1235!8m2!3d39.9538469!4d-112.1216606!16s%2Fg%2F11q2z3t26m!19sChIJHR-rr4sRTYcRNRK_HYNEhpM?authuser=0&hl=en&rclk=1","Tuesday, Closed; Wednesday, Closed; Thursday, Closed; Friday, 10 am to 7:30 pm; Saturday, 10 am to 2:30 pm; Sunday, Closed; Monday, Closed. Hide open hours for the week",,"-112.1216606","+1 435-433-2253","4.9","143","Utah","facebook.com"
"202 S Main St, Salt Lake City, UT 84101, United States","Bambara Salt Lake City","Restaurant","Salt Lake City","https://www.google.com/maps/place/Bambara+Salt+Lake+City/data=!4m7!3m6!1s0x8752f50f9ca50a81:0xdcb63473d52add1!8m2!3d40.7647555!4d-111.8914309!16s%2Fg%2F1th5_8jh!19sChIJgQqlnA_1UocR0a1SPUdjyw0?authuser=0&hl=en&rclk=1","Tuesday, 7 am to 2 pm, 5 to 9 pm; Wednesday, 7 am to 2 pm, 5 to 9 pm; Thursday, 7 am to 2 pm, 5 to 9 pm; Friday, 7 am to 2 pm, 5 to 10 pm; Saturday, 7 am to 2 pm, 5 to 10 pm; Sunday, 7 am to 2 pm, 5 to 9 pm; Monday, 7 am to 2 pm, 5 to 9 pm. Hide open hours for the week","40.7647555","-111.8914309","+1 801-363-5454","4.3","1104","Utah","bambara-slc.com"
"12234 Draper Gate Dr, Draper, UT 84020, United States","The Cliff Dining Pub","Gastropub","Draper","https://www.google.com/maps/place/The+Cliff+Dining+Pub/data=!4m7!3m6!1s0x8752876a161254c3:0xecf58fc5d817c9fb!8m2!3d40.528!4d-111.85294!16s%2Fg%2F12q4x1c8b!19sChIJw1QSFmqHUocR-8kX2MWP9ew?authuser=0&hl=en&rclk=1","Tuesday, 4 to 10 pm; Wednesday, 4 to 10 pm; Thursday, 4 to 10 pm; Friday, 4 to 11 pm; Saturday, 10 am to 11 pm; Sunday, 10 am to 9 pm; Monday, 4 to 10 pm. Hide open hours for the week","40.528","-111.85294","+1 801-523-2053","4.3","2173","Utah","cliffdiningpub.com"
"3330 N University Ave, Provo, UT 84604, United States","Block Restaurant","American restaurant","Provo","https://www.google.com/maps/place/Block+Restaurant/data=!4m7!3m6!1s0x874d907cf8cbbe71:0x5cc92fec9895eec8!8m2!3d40.2779107!4d-111.6570362!16s%2Fg%2F11h9rnbrkv!19sChIJcb7L-HyQTYcRyO6VmOwvyVw?authuser=0&hl=en&rclk=1","Tuesday, 5 to 9 pm; Wednesday, 5 to 9 pm; Thursday, 5 to 9 pm; Friday, 5 to 10 pm; Saturday, 10 am to 10 pm; Sunday, 10 am to 2 pm; Monday, Closed. Hide open hours for the week","40.2779107","-111.6570362","+1 801-885-7558","4.5","922","Utah","blockrestaurantgroup.com"
"180 Center St, Orem, UT 84057, United States","Lomito's Restaurant","Latin American restaurant","Orem","https://www.google.com/maps/place/Lomito%27s+Restaurant/data=!4m7!3m6!1s0x874d9acfbf95bec3:0x35373bc81a20b5a9!8m2!3d40.2975221!4d-111.700201!16s%2Fg%2F1td5m592!19sChIJw76Vv8-aTYcRqbUgGsg7NzU?authuser=0&hl=en&rclk=1","Tuesday, 11:30 am to 8 pm; Wednesday, 11:30 am to 8 pm; Thursday, 11:30 am to 8 pm; Friday, 11:30 am to 8 pm; Saturday, 11:30 am to 8 pm; Sunday, Closed; Monday, 11:30 am to 8 pm. Hide open hours for the week","40.2975221","-111.700201","+1 801-607-1602","4.6","637","Utah","lomitosrestaurant.com"
"8841 N Alpine Lp Rd, Sundance, UT 84604, United States","The Foundry Grill at Sundance Resort","Grill","Provo","https://www.google.com/maps/place/The+Foundry+Grill+at+Sundance+Resort/data=!4m7!3m6!1s0x874d8ea4b59b053b:0x55e1cf07f5848769!8m2!3d40.3921451!4d-111.5791913!16s%2Fg%2F1tslk5yl!19sChIJOwWbtaSOTYcRaYeE9QfP4VU?authuser=0&hl=en&rclk=1","Tuesday, 8:30 to 10:30 am, 11:30 am to 3 pm, 5 to 9 pm; Wednesday, 8:30 to 10:30 am, 11:30 am to 3 pm, 5 to 9 pm; Thursday, 8:30 to 10:30 am, 11:30 am to 3 pm, 5 to 9 pm; Friday, 8:30 to 10:30 am, 11:30 am to 3 pm, 5 to 9 pm; Saturday, 8:30 to 10:30 am, 11:30 am to 3 pm, 5 to 9 pm; Sunday, 9 am to 2 pm, 5 to 9 pm; Monday, 8:30 to 10:30 am, 11:30 am to 3 pm, 5 to 9 pm. Hide open hours for the week","40.3921451","-111.5791913","+1 866-932-2295","4.3","1102","Utah","sundanceresort.com"
"987 W 500 N #101, American Fork, UT 84003, United States","Little India Fine Dining","Indian restaurant","American Fork","https://www.google.com/maps/place/Little+India+Fine+Dining/data=!4m7!3m6!1s0x874d81861c2cf3c5:0x2ae0a954cef463b4!8m2!3d40.3882266!4d-111.8242073!16s%2Fg%2F11qh2wrxgt!19sChIJxfMsHIaBTYcRtGP0zlSp4Co?authuser=0&hl=en&rclk=1","Tuesday, 4 to 9 pm; Wednesday, 4 to 9 pm; Thursday, 4 to 9 pm; Friday, 4 to 9 pm; Saturday, 4 to 9 pm; Sunday, Closed; Monday, 4 to 9 pm. Hide open hours for the week","40.3882266","-111.8242073","+1 801-756-8888","4.9","4402","Utah","littleindiaut.com"
"510 S 300 W #100, Salt Lake City, UT 84101, United States","Urban Hill","Restaurant","Salt Lake City","https://www.google.com/maps/place/Urban+Hill/data=!4m7!3m6!1s0x8752f52a908941ab:0xe40d5e620381ccbb!8m2!3d40.7581958!4d-111.9004448!16s%2Fg%2F11k3z9k93b!19sChIJq0GJkCr1UocRu8yBA2JeDeQ?authuser=0&hl=en&rclk=1","Tuesday, 5 to 9:30 pm; Wednesday, 5 to 9:30 pm; Thursday, 5 to 9:30 pm; Friday, 5 to 9:30 pm; Saturday, 10 am to 2 pm, 5 to 9:30 pm; Sunday, 10 am to 2 pm, 5 to 9 pm; Monday, 5 to 9:30 pm. Hide open hours for the week","40.7581958","-111.9004448","+1 385-295-4200","4.6","700","Utah","urban-hill.com"
"2477 Fort Union Blvd, Salt Lake City, UT 84121, United States","Carmine's Italian Restaurant","Italian restaurant","Cottonwood Heights","https://www.google.com/maps/place/Carmine%27s+Italian+Restaurant/data=!4m7!3m6!1s0x875262fa6406a7d1:0xb1e23d3d2a8b3a09!8m2!3d40.6249593!4d-111.8200403!16s%2Fg%2F11dz_2pcqc!19sChIJ0acGZPpiUocRCTqLKj094rE?authuser=0&hl=en&rclk=1",,"40.6249593","-111.8200403","+1 801-948-4468","4.4","877","Utah","carmines.restaurant"
"234 W 900 S, Salt Lake City, UT 84101, United States","Vertical Diner","Vegan restaurant","Salt Lake City","https://www.google.com/maps/place/Vertical+Diner/data=!4m7!3m6!1s0x8752f56c5257505b:0x3d5a765e5d1be4b5!8m2!3d40.7499921!4d-111.8978697!16s%2Fg%2F1tnjk15h!19sChIJW1BXUmz1UocRteQbXV52Wj0?authuser=0&hl=en&rclk=1",,"40.7499921","-111.8978697","+1 801-484-8378","4.5","3281","Utah","verticaldiner.com"
"68 W 3900 S, Salt Lake City, UT 84107, United States","Left Fork Grill","American restaurant","South Salt Lake","https://www.google.com/maps/place/Left+Fork+Grill/data=!4m7!3m6!1s0x87528a507da1777b:0xaaa259b225d3a0fd!8m2!3d40.6873282!4d-111.8930103!16s%2Fg%2F1tdgkr66!19sChIJe3ehfVCKUocR_aDTJbJZoqo?authuser=0&hl=en&rclk=1","Tuesday, 7 am to 3 pm; Wednesday, 7 am to 8 pm; Thursday, 7 am to 8 pm; Friday, 7 am to 8 pm; Saturday, 7 am to 8 pm; Sunday, 7 am to 3 pm; Monday, 7 am to 3 pm. Hide open hours for the week","40.6873282","-111.8930103","+1 801-266-4322","4.4","1862","Utah","leftforkgrillslc.com"
"102 N University Ave, Provo, UT 84601, United States","Communal","American restaurant","Provo","https://www.google.com/maps/place/Communal/data=!4m7!3m6!1s0x874d975347fdadc1:0x76636a86d0370462!8m2!3d40.2352417!4d-111.6583861!16s%2Fg%2F1td5glv1!19sChIJwa39R1OXTYcRYgQ30IZqY3Y?authuser=0&hl=en&rclk=1",,"40.2352417","-111.6583861","+1 801-373-8000","4.4","1331","Utah","communalrestaurant.com"
"1223 U.S. Hwy 40, Heber City, UT 84032, United States","Back 40 Ranch House Grill","Restaurant","Heber City","https://www.google.com/maps/place/Back+40+Ranch+House+Grill/data=!4m7!3m6!1s0x87520a76b7a052f1:0xaefde1249a539fd5!8m2!3d40.5220444!4d-111.4112398!16s%2Fg%2F11by_plh84!19sChIJ8VKgt3YKUocR1Z9TmiTh_a4?authuser=0&hl=en&rclk=1","Tuesday, 11 am to 3:30 pm, 4:30 to 10 pm; Wednesday, 11 am to 3:30 pm, 4:30 to 10 pm; Thursday, 11 am to 3:30 pm, 4:30 to 10 pm; Friday, 11 am to 3:30 pm, 4:30 to 10 pm; Saturday, 11 am to 3:30 pm, 4:30 to 10 pm; Sunday, 10 am to 3:30 pm, 4:30 to 10 pm; Monday, 11 am to 3:30 pm, 4:30 to 10 pm. Hide open hours for the week",,"-111.4112398","+1 435-654-3070","4.6","2052","Utah","back40utah.com"
"1355 E 2100 S, Salt Lake City, UT 84105, United States","The Dodo Restaurant","Restaurant","Salt Lake City","https://www.google.com/maps/place/The+Dodo+Restaurant/data=!4m7!3m6!1s0x8752601ebc78f39d:0x2d4396deb77610d1!8m2!3d40.7261306!4d-111.8520806!16s%2Fg%2F1vs5x5_t!19sChIJnfN4vB5gUocR0RB2t96WQy0?authuser=0&hl=en&rclk=1",,"40.7261306","-111.8520806","+1 801-486-2473","4.4","3700","Utah","thedodorestaurant.com"
"2020 E 3300 S, Salt Lake City, UT 84109, United States","Antica Sicilia","Italian restaurant","Millcreek","https://www.google.com/maps/place/Antica+Sicilia/data=!4m7!3m6!1s0x875261b62a490bf3:0x9ab62e57babd38c5!8m2!3d40.6994925!4d-111.8329873!16s%2Fg%2F11g6vlc6kz!19sChIJ8wtJKrZhUocRxTi9ulcutpo?authuser=0&hl=en&rclk=1","Tuesday, 4:30 to 9:30 pm; Wednesday, 4:30 to 9:30 pm; Thursday, 4:30 to 9:30 pm; Friday, 4:30 to 10 pm; Saturday, 4:30 to 10 pm; Sunday, Closed; Monday, 4:30 to 9:30 pm. Hide open hours for the week","40.6994925","-111.8329873","+1 385-202-7236","4.6","1209","Utah","anticasiciliautah.com"
"645 S State St, Salt Lake City, UT 84111, United States","The Bayou","Cajun restaurant","Salt Lake City","https://www.google.com/maps/place/The+Bayou/data=!4m7!3m6!1s0x8752f5166a6e2a4b:0x521db3f6bd2f9980!8m2!3d40.755129!4d-111.887763!16s%2Fg%2F1td3rzsr!19sChIJSypuahb1UocRgJkvvfazHVI?authuser=0&hl=en&rclk=1",,"40.755129","-111.887763","+1 801-961-8400","4.6","3725","Utah","utahbayou.com"
"4801 N University Ave #610, Provo, UT 84604, United States","La Jolla Groves","New American restaurant","Provo","https://www.google.com/maps/place/La+Jolla+Groves/data=!4m7!3m6!1s0x874d900c27a3edf7:0xe680091a342dcb86!8m2!3d40.2992077!4d-111.6580963!16s%2Fg%2F1w34729z!19sChIJ9-2jJwyQTYcRhsstNBoJgOY?authuser=0&hl=en&rclk=1",,"40.2992077","-111.6580963","+1 801-224-5111","4.2","1298","Utah","lajollagroves.com"
"75 S W Temple St, Salt Lake City, UT 84101, United States","Salt Stone","American restaurant","Salt Lake City","https://www.google.com/maps/place/Salt+Stone/data=!4m7!3m6!1s0x8752f50605335799:0x49693cd2470c7322!8m2!3d40.7675747!4d-111.8930178!16s%2Fg%2F11cn3jc7fb!19sChIJmVczBQb1UocRInMMR9I8aUk?authuser=0&hl=en&rclk=1","Tuesday, 6:30 am to 1 pm, 5 to 9 pm; Wednesday, 6:30 am to 1 pm, 5 to 9 pm; Thursday, 6:30 am to 1 pm, 5 to 9 pm; Friday, 6:30 am to 1 pm, 5 to 9 pm; Saturday, 6:30 am to 1 pm, 5 to 9 pm; Sunday, 6:30 am to 1 pm, 5 to 9 pm; Monday, 6:30 am to 1 pm, 5 to 9 pm. Hide open hours for the week","40.7675747","-111.8930178","+1 801-537-6023","3.8","135","Utah","marriott.com"
"62 E Gallivan Ave, Salt Lake City, UT 84111, United States","From Scratch","American restaurant","Salt Lake City","https://www.google.com/maps/place/From+Scratch/data=!4m7!3m6!1s0x8752f50e2cf97c63:0x1a32619cc04c7f79!8m2!3d40.7634979!4d-111.8893718!16s%2Fg%2F1ptxhbtld!19sChIJY3z5LA71UocReX9MwJxhMho?authuser=0&hl=en&rclk=1","Tuesday, 11 am to 9 pm; Wednesday, 11 am to 9 pm; Thursday, 11 am to 9 pm; Friday, 11 am to 10 pm; Saturday, 12 to 10 pm; Sunday, Closed; Monday, 11 am to 9 pm. Hide open hours for the week",,"-111.8893718","+1 801-961-9000","4.3","1560","Utah","fromscratchslc.com"
"170 S W Temple St, Salt Lake City, UT 84101, United States","The Salt Republic","American restaurant","Salt Lake City","https://www.google.com/maps/place/The+Salt+Republic/data=!4m7!3m6!1s0x8752f5da71b09d53:0xb2976ba435f2ba2c!8m2!3d40.7656736!4d-111.8943304!16s%2Fg%2F11ssfgg2sd!19sChIJU52wcdr1UocRLLryNaRrl7I?authuser=0&hl=en&rclk=1","Tuesday, 6:30 am to 2 pm, 5 to 10 pm; Wednesday, 6:30 am to 2 pm, 5 to 10 pm; Thursday, 6:30 am to 2 pm, 5 to 10 pm; Friday, 6:30 am to 2 pm, 5 to 10 pm; Saturday, 6:30 am to 2 pm, 5 to 10 pm; Sunday, 6:30 am to 2 pm, 5 to 10 pm; Monday, 6:30 am to 2 pm, 5 to 10 pm. Hide open hours for the week","40.7656736","-111.8943304",,"4.0","67","Utah","hyatt.com"
"877 E 12300 S #203, Draper, UT 84020, United States","Sauce Boss Southern Kitchen DraperUT","Restaurant","Draper","https://www.google.com/maps/place/Sauce+Boss+Southern+Kitchen+DraperUT/data=!4m7!3m6!1s0x87528796af77ba79:0x617573885814a5b9!8m2!3d40.5272616!4d-111.8669977!16s%2Fg%2F11h77z8f43!19sChIJebp3r5aHUocRuaUUWIhzdWE?authuser=0&hl=en&rclk=1","Tuesday, 4 to 8 pm; Wednesday, 4 to 8 pm; Thursday, 4 to 8 pm; Friday, 12 to 3 pm, 5 to 9 pm; Saturday, 12 to 3 pm, 5 to 9 pm; Sunday, Closed; Monday, Closed. Hide open hours for the week","40.5272616","-111.8669977","+1 385-434-2433","4.8","1437","Utah","saucebosssouthernkitchen.com"
"1458 Foothill Dr, Salt Lake City, UT 84108, United States","Five Alls restaurant","Restaurant","Salt Lake City","https://www.google.com/maps/place/Five+Alls+restaurant/data=!4m7!3m6!1s0x87526071ccfff509:0x719cd11b4508b814!8m2!3d40.7379542!4d-111.8246171!16s%2Fg%2F1tfk4xrh!19sChIJCfX_zHFgUocRFLgIRRvRnHE?authuser=0&hl=en&rclk=1","Tuesday, Closed; Wednesday, 5 to 9 pm; Thursday, 5 to 9 pm; Friday, 5 to 9 pm; Saturday, 5 to 9 pm; Sunday, Closed; Monday, Closed. Hide open hours for the week",,"-111.8246171","+1 385-528-1922","4.3","284","Utah","fiveallsfinedining.com"
"10 UT-12, Boulder, UT 84716, United States","Burr Trail Grill","American restaurant","Boulder","https://www.google.com/maps/place/Burr+Trail+Grill/data=!4m7!3m6!1s0x87356e685d1979a1:0xcf09f9761cb9f2d1!8m2!3d37.9014151!4d-111.4245069!16s%2Fg%2F1hc4bgnlr!19sChIJoXkZXWhuNYcR0fK5HHb5Cc8?authuser=0&hl=en&rclk=1","Tuesday, 11 am to 6 pm; Wednesday, 11 am to 6 pm; Thursday, 11 am to 2:30 pm; Friday, Closed; Saturday, 11 am to 6:30 pm; Sunday, 11 am to 6:30 pm; Monday, 11 am to 6 pm. Hide open hours for the week",,"-111.4245069","+1 435-335-7511","4.7","916","Utah","burrtrailgrill.life"
"4160 Emigration Canyon Rd, Emigration Canyon, UT 84108, United States","Ruth's Diner","Diner","Emigration Canyon","https://www.google.com/maps/place/Ruth%27s+Diner/data=!4m7!3m6!1s0x87525e19420bcd35:0x94255ff71c36cb3a!8m2!3d40.7617707!4d-111.7806099!16s%2Fg%2F1ym82my5k!19sChIJNc0LQhleUocROss2HPdfJZQ?authuser=0&hl=en&rclk=1","Tuesday, Closed; Wednesday, Closed; Thursday, 8 am to 9 pm; Friday, 8 am to 10 pm; Saturday, 8 am to 10 pm; Sunday, 8 am to 9 pm; Monday, 8 am to 9 pm. Hide open hours for the week",,"-111.7806099","+1 801-582-5807","4.6","5511","Utah","ruthsdiner.com"
"1446 S State St, Salt Lake City, UT 84115, United States","The 14 peaks","Restaurant","Salt Lake City","https://www.google.com/maps/place/The+14+peaks/data=!4m7!3m6!1s0x8752f5fafc75a861:0x2067dcdaa6cbebba!8m2!3d40.7381935!4d-111.8885969!16s%2Fg%2F11vwdsq9nb!19sChIJYah1_Pr1UocRuuvLptrcZyA?authuser=0&hl=en&rclk=1",,,"-111.8885969","+1 801-485-1646","4.9","951","Utah","the14peaksrestaurant.com"
"11052 S State St C, Sandy, UT 84070, United States","Vessel Kitchen","Restaurant","Sandy","https://www.google.com/maps/place/Vessel+Kitchen/data=!4m7!3m6!1s0x875287d8b1c3b3a1:0xbcbdb62fc76ac86c!8m2!3d40.5504533!4d-111.8912415!16s%2Fg%2F11fp1l6xvg!19sChIJobPDsdiHUocRbMhqxy-2vbw?authuser=0&hl=en&rclk=1","Tuesday, 11 am to 9 pm; Wednesday, 11 am to 9 pm; Thursday, 11 am to 9 pm; Friday, 11 am to 9 pm; Saturday, 11 am to 9 pm; Sunday, 11 am to 9 pm; Monday, 11 am to 9 pm. Hide open hours for the week",,"-111.8912415","+1 801-349-2544","4.5","1021","Utah","vesselkitchen.com"
"HC 64 UT-128, Moab, UT 84532, United States","River Grill Restaurant","Restaurant","Moab","https://www.google.com/maps/place/River+Grill+Restaurant/data=!4m7!3m6!1s0x8747dd1ed5ae4491:0x19eff0e8f3355ea!8m2!3d38.70008!4d-109.404859!16s%2Fg%2F11h1jynl8!19sChIJkUSu1R7dR4cR6lUzjw7_ngE?authuser=0&hl=en&rclk=1",,"38.70008","-109.404859","+1 435-259-4642","4.4","129","Utah","sorrelriver.com"
"136 Heber Ave, Park City, UT 84060, United States","Handle","American restaurant","Park City","https://www.google.com/maps/place/Handle/data=!4m7!3m6!1s0x875272bd2fd1374f:0x18e92b26363d1546!8m2!3d40.6461083!4d-111.4962667!16s%2Fg%2F11b5pj1c58!19sChIJTzfRL71yUocRRhU9NiYr6Rg?authuser=0&hl=en&rclk=1","Tuesday, Closed; Wednesday, 5 to 9 pm; Thursday, 5 to 9 pm; Friday, 5 to 9 pm; Saturday, 5 to 9 pm; Sunday, 5 to 9 pm; Monday, Closed. Hide open hours for the week","40.6461083","-111.4962667","+1 435-602-1155","4.4","663","Utah","handleparkcity.com"
"40 E 100 S #100, Salt Lake City, UT 84111, United States","The Capital Grille","Fine dining restaurant","Salt Lake City","https://www.google.com/maps/place/The+Capital+Grille/data=!4m7!3m6!1s0x8752f5360531cca3:0xc1e3ac8f5298fe54!8m2!3d40.7669048!4d-111.8895447!16s%2Fg%2F11p779v9h1!19sChIJo8wxBTb1UocRVP6YUo-s48E?authuser=0&hl=en&rclk=1","Tuesday, 11:30 am to 10 pm; Wednesday, 11:30 am to 10 pm; Thursday, 11:30 am to 10 pm; Friday, 11:30 am to 10 pm; Saturday, 5 to 10 pm; Sunday, 4 to 8 pm; Monday, 11:30 am to 10 pm. Hide open hours for the week","40.7669048","-111.8895447","+1 385-419-3888","4.7","747","Utah","thecapitalgrille.com"
"350 Main St, Park City, UT 84060, United States","350 Main Brasserie","American restaurant","Park City","https://www.google.com/maps/place/350+Main+Brasserie/data=!4m7!3m6!1s0x875272bc23552777:0xa0bdd107f9be37e7!8m2!3d40.6428046!4d-111.4950754!16s%2Fg%2F1vk6zq3x!19sChIJdydVI7xyUocR5ze--QfRvaA?authuser=0&hl=en&rclk=1","Tuesday, 5 to 9 pm; Wednesday, 5 to 9 pm; Thursday, 5 to 9 pm; Friday, 5 to 9 pm; Saturday, 5 to 9 pm; Sunday, Closed; Monday, Closed. Hide open hours for the week","40.6428046","-111.4950754","+1 435-649-3140","4.2","330","Utah","350main.com"
"540 Main St, Park City, UT 84060, United States","Riverhorse on Main","Fine dining restaurant","Park City","https://www.google.com/maps/place/Riverhorse+on+Main/data=!4m7!3m6!1s0x875272bd23327bfd:0xdfa168cd59cdc64e!8m2!3d40.6447833!4d-111.4963544!16s%2Fg%2F1tdw3z55!19sChIJ_XsyI71yUocRTsbNWc1ood8?authuser=0&hl=en&rclk=1","Tuesday, 5 to 9 pm; Wednesday, 5 to 9 pm; Thursday, 5 to 9 pm; Friday, 5 to 9:30 pm; Saturday, 5 to 9:30 pm; Sunday, 5 to 9 pm; Monday, 5 to 9 pm. Hide open hours for the week","40.6447833","-111.4963544","+1 435-649-3536","4.5","1012","Utah","riverhorseparkcity.com"
"800 West University Parkway, MS154, Orem, UT 84058, United States","Restaurant Forte","Fine dining restaurant","Orem","https://www.google.com/maps/place/Restaurant+Forte/data=!4m7!3m6!1s0x874d9ae26d972d39:0xae531846e9578b1!8m2!3d40.278271!4d-111.716718!16s%2Fg%2F1ptx66rt9!19sChIJOS2XbeKaTYcRsXiVboQx5Qo?authuser=0&hl=en&rclk=1","Tuesday, Closed; Wednesday, 11:15 am to 12:15 pm; Thursday, 11:15 am to 12:15 pm; Friday, Closed; Saturday, Closed; Sunday, Closed; Monday, Closed. Hide open hours for the week","40.278271","-111.716718","+1 801-863-7054","4.8","38","Utah","uvu.edu"
"2104 S 700 E #1829, Salt Lake City, UT 84106, United States","Dee's Family Restaurant","Family restaurant","Salt Lake City","https://www.google.com/maps/place/Dee%27s+Family+Restaurant/data=!4m7!3m6!1s0x87528abad696f62b:0x960ba9cd55248e11!8m2!3d40.7251497!4d-111.8716353!16s%2Fg%2F1v3gscvj!19sChIJK_aW1rqKUocREY4kVc2pC5Y?authuser=0&hl=en&rclk=1","Tuesday, 6 am to 12 am; Wednesday, 6 am to 12 am; Thursday, 6 am to 12 am; Friday, 6 am to 2 am; Saturday, 6 am to 2 am; Sunday, 6 am to 12 am; Monday, 6 am to 12 am. Hide open hours for the week","40.7251497","-111.8716353","+1 801-487-6761","4.4","3672","Utah","deesutah.com"
"331 Main St, Salt Lake City, UT 84111, United States","Bodega and The Rest","Cocktail bar","Salt Lake City","https://www.google.com/maps/place/Bodega+and+The+Rest/data=!4m7!3m6!1s0x8752f5103bd21b9d:0xa01b6881ec38eec1!8m2!3d40.7619396!4d-111.8908305!16s%2Fg%2F11csp8f5n_!19sChIJnRvSOxD1UocRwe447IFoG6A?authuser=0&hl=en&rclk=1","Tuesday, 5 to 11 pm; Wednesday, 5 to 11 pm; Thursday, 5 pm to 1 am; Friday, 5 pm to 1 am; Saturday, 5 pm to 1 am; Sunday, Closed; Monday, 5 to 11 pm. Hide open hours for the week","40.7619396","-111.8908305","+1 801-532-4042","4.5","870","Utah","bodega331.com"
"360 S State St #153, Orem, UT 84058, United States","Asado Argentinian Grill and Cafe","Argentinian restaurant","Orem","https://www.google.com/maps/place/Asado+Argentinian+Grill+and+Cafe/data=!4m7!3m6!1s0x874d9ac12873681f:0x412e47189dc27ffe!8m2!3d40.2911621!4d-111.6929127!16s%2Fg%2F11c7ss70d8!19sChIJH2hzKMGaTYcR_n_CnRhHLkE?authuser=0&hl=en&rclk=1","Tuesday, 11 am to 9 pm; Wednesday, 11 am to 9 pm; Thursday, 11 am to 9 pm; Friday, 11 am to 10 pm; Saturday, 11 am to 10 pm; Sunday, 12 to 6 pm; Monday, 11 am to 9 pm. Hide open hours for the week","40.2911621","-111.6929127","+1 801-492-5700","4.4","2608","Utah","asadoorem.com"
"2301 Ashton Blvd, Lehi, UT 84043, United States","Mountainland Grill","Restaurant","Lehi","https://www.google.com/maps/place/Mountainland+Grill/data=!4m7!3m6!1s0x874d7fdc02dcd35f:0x70e7d732059ae6a1!8m2!3d40.4196604!4d-111.8860031!16s%2Fg%2F11d_bcp82g!19sChIJX9PcAtx_TYcRoeaaBTLX53A?authuser=0&hl=en&rclk=1","Tuesday, 10:30 am to 1:30 pm, 5 to 7:30 pm; Wednesday, 10:30 am to 1:30 pm, 5 to 7:30 pm; Thursday, 10:30 am to 1:30 pm, 5 to 7:30 pm; Friday, 10:30 am to 1:30 pm; Saturday, Closed; Sunday, Closed; Monday, 10:30 am to 1:30 pm, 5 to 7:30 pm. Hide open hours for the week",,"-111.8860031","+1 801-753-4150","4.9","29","Utah","mtec.revelup.online"
"131 S 300 W, Salt Lake City, UT 84101, United States","Adelaide","French restaurant","Salt Lake City","https://www.google.com/maps/place/Adelaide/data=!4m7!3m6!1s0x8752f5c5a60ec5dd:0x9cbd06a03a052f54!8m2!3d40.7663487!4d-111.8993733!16s%2Fg%2F11sjwqy_jc!19sChIJ3cUOpsX1UocRVC8FOqAGvZw?authuser=0&hl=en&rclk=1","Tuesday, 6:30 am to 11 pm; Wednesday, 6:30 to 11 am, 11:30 am to 10 pm; Thursday, 6:30 am to 11 pm; Friday, 6:30 to 11 am, 11:30 am to 10 pm; Saturday, 6:30 to 11 am, 11:30 am to 10 pm; Sunday, 6:30 am to 10 pm; Monday, 6:30 to 11 am, 11:30 am to 10 pm. Hide open hours for the week",,"-111.8993733","+1 801-658-4600","4.3","349","Utah","adelaidesaltlake.com"
"3754 Center View Way, West Jordan, UT 84084, United States","Lucky's Iron Door Roadhouse","Restaurant","West Jordan","https://www.google.com/maps/place/Lucky%27s+Iron+Door+Roadhouse/data=!4m7!3m6!1s0x87528fd699b333a1:0x69da4c321b4fa2a!8m2!3d40.6193469!4d-111.9802343!16s%2Fg%2F11fprc27nl!19sChIJoTOzmdaPUocRKvq0IcOknQY?authuser=0&hl=en&rclk=1",,,"-111.9802343","+1 801-878-9439","4.3","1936","Utah","luckysirondoor.com"
"2523 UT-24, Torrey, UT 84775, United States","Rim Rock Restaurant","Fine dining restaurant","Caineville","https://www.google.com/maps/place/Rim+Rock+Restaurant/data=!4m7!3m6!1s0x874a3e0850275477:0xaadf21a636858624!8m2!3d38.3185272!4d-111.3821716!16s%2Fg%2F1vvr6pfn!19sChIJd1QnUAg-SocRJIaFNqYh36o?authuser=0&hl=en&rclk=1","Tuesday, 5 to 9 pm; Wednesday, 5 to 9 pm; Thursday, 5 to 9 pm; Friday, 5 to 9 pm; Saturday, 5 to 9 pm; Sunday, 5 to 9 pm; Monday, 5 to 9 pm. Hide open hours for the week",,"-111.3821716","+1 435-425-3388","4.3","589","Utah","therimrock.net"
"255 S W Temple St, Salt Lake City, UT 84101, United States","Spencer's For Steaks and Chops Salt Lake City","Restaurant","Salt Lake City","https://www.google.com/maps/place/Spencer%27s+For+Steaks+and+Chops+Salt+Lake+City/data=!4m7!3m6!1s0x8752f505650c419f:0x51124b69b8dc28c4!8m2!3d40.7639813!4d-111.893438!16s%2Fg%2F1tdks8n7!19sChIJn0EMZQX1UocRxCjcuGlLElE?authuser=0&hl=en&rclk=1",,,"-111.893438","+1 801-238-4748","4.3","993","Utah","spencersslc.com"
"33 N Main St, Spring City, UT 84662, United States","Das Café","Restaurant","Spring City","https://www.google.com/maps/place/Das+Caf%C3%A9/data=!4m7!3m6!1s0x874c6ca10824f421:0x5b5e94c3213ec8ef!8m2!3d39.4786724!4d-111.4962382!16s%2Fg%2F1261fc6q1!19sChIJIfQkCKFsTIcR78g-IcOUXls?authuser=0&hl=en&rclk=1","Tuesday, 8 am to 3 pm; Wednesday, 8 am to 3 pm; Thursday, 8 am to 3 pm; Friday, 8 am to 3 pm; Saturday, 8 am to 3 pm; Sunday, Closed; Monday, Closed. Hide open hours for the week","39.4786724","-111.4962382","+1 435-462-7484","4.8","503","Utah","facebook.com"
"1080 E 1300 S, Salt Lake City, UT 84105, United States","Kyoto Japanese Restaurant","Japanese restaurant","Salt Lake City","https://www.google.com/maps/place/Kyoto+Japanese+Restaurant/data=!4m7!3m6!1s0x8752f554e18745cb:0xbd35f700f0188c5!8m2!3d40.7413913!4d-111.8599014!16s%2Fg%2F1vc828xp!19sChIJy0WH4VT1UocRxYgBD3Bf0ws?authuser=0&hl=en&rclk=1",,"40.7413913","-111.8599014","+1 801-487-3525","4.5","1676","Utah","kyotoslc.com"
"232 NW State St #200, American Fork, UT 84003, United States","Aubergine Kitchen","Health food restaurant","American Fork","https://www.google.com/maps/place/Aubergine+Kitchen/data=!4m7!3m6!1s0x874d819a997660ad:0x2995ee352668562e!8m2!3d40.3820187!4d-111.8137659!16s%2Fg%2F11j1hbnvtc!19sChIJrWB2mZqBTYcRLlZoJjXulSk?authuser=0&hl=en&rclk=1",,"40.3820187","-111.8137659","+1 801-610-9871","4.4","908","Utah","auberginekitchen.com"
"752 Blue Vista Ln, Midvale, UT 84047, United States","Great India LLC","Indian restaurant","Midvale","https://www.google.com/maps/place/Great+India+LLC/data=!4m7!3m6!1s0x87528971c6afead3:0x679fb662b8237409!8m2!3d40.6200505!4d-111.9121437!16s%2Fg%2F11qhqlx33g!19sChIJ0-qvxnGJUocRCXQjuGK2n2c?authuser=0&hl=en&rclk=1","Tuesday, 11 am to 9:30 pm; Wednesday, 11 am to 9:30 pm; Thursday, 11 am to 9:30 pm; Friday, 11 am to 10 pm; Saturday, 11 am to 10 pm; Sunday, 4 to 8:30 pm; Monday, 11 am to 9:30 pm. Hide open hours for the week","40.6200505","-111.9121437","+1 801-495-4141","4.7","991","Utah","greatindiamidvaleutah.com"
"3661 Outlet Pkwy, Lehi, UT 84043, United States","Strap Tank Brewery","American restaurant","Lehi","https://www.google.com/maps/place/Strap+Tank+Brewery/data=!4m7!3m6!1s0x875281c4662200b3:0x67aa315264c7e0f6!8m2!3d40.4328184!4d-111.8843319!16s%2Fg%2F11fmfh2ss4!19sChIJswAiZsSBUocR9uDHZFIxqmc?authuser=0&hl=en&rclk=1","Tuesday, 11 am to 10 pm; Wednesday, 11 am to 10 pm; Thursday, 11 am to 10 pm; Friday, 11 am to 11 pm; Saturday, 11 am to 11 pm; Sunday, 11:30 am to 9 pm; Monday, 11 am to 10 pm. Hide open hours for the week","40.4328184","-111.8843319","+1 385-503-8443","4.0","1779","Utah","straptankbrewery.com"
"275 S W Temple St, Salt Lake City, UT 84101, United States","Ruth's Chris Steak House","Steak house","Salt Lake City","https://www.google.com/maps/place/Ruth%27s+Chris+Steak+House/data=!4m7!3m6!1s0x8752f50543475499:0x3aa7a511732af8b6!8m2!3d40.7631181!4d-111.89357!16s%2Fg%2F1tdf1vcm!19sChIJmVRHQwX1UocRtvgqcxGlpzo?authuser=0&hl=en&rclk=1",,"40.7631181","-111.89357","+1 801-363-2000","4.7","3873","Utah","ruthschris.com"
"10672 State St, Sandy, UT 84070, United States","Sunday's Best","Brunch restaurant","Sandy","https://www.google.com/maps/place/Sunday%27s+Best/data=!4m7!3m6!1s0x875287cbf7a1e165:0xc5c7951cf31a02fa!8m2!3d40.557633!4d-111.8913214!16s%2Fg%2F11nm_z7rwl!19sChIJZeGh98uHUocR-gIa8xyVx8U?authuser=0&hl=en&rclk=1",,,"-111.8913214","+1 801-441-3331","4.4","2787","Utah","brunchmehard.com"
"849 E 9400 S, Sandy, UT 84094, United States","Scelto","Italian restaurant","Sandy","https://www.google.com/maps/place/Scelto/data=!4m7!3m6!1s0x8752873fa1f0f3c1:0x56e4ddaf77677284!8m2!3d40.5821716!4d-111.8671432!16s%2Fg%2F11l5w1gwbv!19sChIJwfPwoT-HUocRhHJnd6_d5FY?authuser=0&hl=en&rclk=1","Tuesday, 5 to 9 pm; Wednesday, 5 to 9 pm; Thursday, 5 to 9 pm; Friday, Closed; Saturday, 5 to 9 pm; Sunday, Closed; Monday, 5 to 9 pm. Hide open hours for the week",,"-111.8671432","+1 385-542-3030","4.5","362","Utah","sceltoslc.com"
"33 E 11400 S, Sandy, UT 84070, United States","Makanmakan Asian Streat Food Fare","Asian restaurant","Sandy","https://www.google.com/maps/place/Makanmakan+Asian+Streat+Food+Fare/data=!4m7!3m6!1s0x875287a677f2d055:0xa5f5330f38373eb6!8m2!3d40.5449598!4d-111.8904294!16s%2Fg%2F11gblfcyyk!19sChIJVdDyd6aHUocRtj43OA8z9aU?authuser=0&hl=en&rclk=1","Tuesday, 11 am to 3 pm, 4 to 8 pm; Wednesday, 11 am to 3 pm, 4 to 8 pm; Thursday, 11 am to 3 pm, 4 to 8 pm; Friday, 11 am to 3 pm, 4 to 8 pm; Saturday, 11 am to 8 pm; Sunday, Closed; Monday, 11 am to 3 pm, 4 to 8 pm. Hide open hours for the week",,"-111.8904294","+1 801-251-0967","4.7","1098","Utah","makanmakansandy.com"
"7321 Canyon Centre Pkwy, Cottonwood Heights, UT 84121, United States","Eight Settlers Restaurant & Distillery","Restaurant","Cottonwood Heights","https://www.google.com/maps/place/Eight+Settlers+Restaurant+%26+Distillery/data=!4m7!3m6!1s0x875263e6d4f3ca5f:0x6ce327f807b21480!8m2!3d40.6184082!4d-111.7898635!16s%2Fg%2F11j4m0tthf!19sChIJX8rz1OZjUocRgBSyB_gn42w?authuser=0&hl=en&rclk=1",,,"-111.7898635","+1 385-900-4315","4.3","750","Utah","eightsettlersdistillery.com"
"1624 S 1100 E, Salt Lake City, UT 84105, United States","Finn's Cafe","Scandinavian restaurant","Salt Lake City","https://www.google.com/maps/place/Finn%27s+Cafe/data=!4m7!3m6!1s0x87528aa97664c2c9:0xae2d873d578b3449!8m2!3d40.7342345!4d-111.859823!16s%2Fg%2F1tcyxxjs!19sChIJycJkdqmKUocRSTSLVz2HLa4?authuser=0&hl=en&rclk=1","Tuesday, 7:30 am to 2:30 pm; Wednesday, 7:30 am to 2:30 pm; Thursday, 7:30 am to 2:30 pm; Friday, 7:30 am to 2:30 pm; Saturday, 7:30 am to 2:30 pm; Sunday, 7:30 am to 2:30 pm; Monday, 7:30 am to 2:30 pm. Hide open hours for the week",,"-111.859823","+1 801-467-4000","4.6","1681","Utah","finnscafe.net"
"317 S Main St, Salt Lake City, UT 84111, United States","Eva","Restaurant","Salt Lake City","https://www.google.com/maps/place/Eva/data=!4m7!3m6!1s0x8752f510251f94d3:0xdb9d425f743f81b8!8m2!3d40.7623032!4d-111.8908365!16s%2Fg%2F1txy2ty_!19sChIJ05QfJRD1UocRuIE_dF9Cnds?authuser=0&hl=en&rclk=1","Tuesday, 5 to 10 pm; Wednesday, 5 to 10 pm; Thursday, 5 to 10 pm; Friday, 5 to 10 pm; Saturday, 5 to 10 pm; Sunday, 5 to 10 pm; Monday, 5 to 10 pm. Hide open hours for the week",,"-111.8908365","+1 801-359-8447","4.6","923","Utah","evaslc.com"
"317 Main St, Park City, UT 84060, United States","The Eating Establishment","Breakfast restaurant","Park City","https://www.google.com/maps/place/The+Eating+Establishment/data=!4m7!3m6!1s0x875272bc270593ed:0x1b74e5e28ee8a3e2!8m2!3d40.642271!4d-111.4952383!16s%2Fg%2F1tnblm7n!19sChIJ7ZMFJ7xyUocR4qPojuLldBs?authuser=0&hl=en&rclk=1","Tuesday, 8 am to 9 pm; Wednesday, 8 am to 9 pm; Thursday, 8 am to 9 pm; Friday, 8 am to 9 pm; Saturday, 8 am to 9 pm; Sunday, 8 am to 9 pm; Monday, 8 am to 9 pm. Hide open hours for the week","40.642271","-111.4952383","+1 435-649-8284","4.3","1719","Utah","theeatingestablishment.net"
"2181 S 700 E, Salt Lake City, UT 84106, United States","Olympian Greek & American","Greek restaurant","Salt Lake City","https://www.google.com/maps/place/Olympian+Greek+%26+American/data=!4m7!3m6!1s0x87528abb63fad25f:0xf345a1fdfd38c5c9!8m2!3d40.7236762!4d-111.870858!16s%2Fg%2F1tg_m30x!19sChIJX9L6Y7uKUocRycU4_f2hRfM?authuser=0&hl=en&rclk=1","Tuesday, 8 am to 2 pm; Wednesday, 8 am to 2 pm; Thursday, 8 am to 2 pm; Friday, 8 am to 2 pm; Saturday, 8 am to 2 pm; Sunday, 8 am to 2 pm; Monday, 8 am to 2 pm. Hide open hours for the week","40.7236762","-111.870858","+1 801-487-1407","4.6","967","Utah",
"200 S Central Campus Dr, Salt Lake City, UT 84112, United States","Crimson View","Fine dining restaurant","Salt Lake City","https://www.google.com/maps/place/Crimson+View/data=!4m7!3m6!1s0x87525f8dbbf226d1:0xc8f69198fb7f5939!8m2!3d40.7651005!4d-111.8468369!16s%2Fg%2F11c6_swmty!19sChIJ0Sbyu41fUocROVl_-5iR9sg?authuser=0&hl=en&rclk=1","Tuesday, 10:30 am to 2:30 pm; Wednesday, 10:30 am to 2:30 pm; Thursday, 10:30 am to 2:30 pm; Friday, Closed; Saturday, Closed; Sunday, Closed; Monday, 10:30 am to 2:30 pm. Hide open hours for the week","40.7651005","-111.8468369","+1 801-581-8191","4.0","67","Utah","union.utah.edu"
"101 NW State St Ste 104, American Fork, UT 84003, United States","Haku Ramen House","Ramen restaurant","American Fork","https://www.google.com/maps/place/Haku+Ramen+House/data=!4m7!3m6!1s0x874d81927e986e4b:0x81a3cd2046ea336e!8m2!3d40.3788086!4d-111.8135372!16s%2Fg%2F11h7kvjrcy!19sChIJS26YfpKBTYcRbjPqRiDNo4E?authuser=0&hl=en&rclk=1","Tuesday, 11:30 am to 3 pm, 5 to 9 pm; Wednesday, 11:30 am to 3 pm, 5 to 9 pm; Thursday, 11:30 am to 3 pm, 5 to 9 pm; Friday, 11:30 am to 9:30 pm; Saturday, 11:30 am to 9:30 pm; Sunday, Closed; Monday, 11:30 am to 3 pm, 5 to 9 pm. Hide open hours for the week","40.3788086","-111.8135372","+1 801-756-7106","4.8","749","Utah",
"249 E 3300 S, South Salt Lake, UT 84115, United States","Old Bridge Cafe","Family restaurant","South Salt Lake","https://www.google.com/maps/place/Old+Bridge+Cafe/data=!4m7!3m6!1s0x87528af460387d6b:0xe5861fa5a96bafeb!8m2!3d40.70017!4d-111.8839001!16s%2Fg%2F1tj33m6y!19sChIJa304YPSKUocR669rqaUfhuU?authuser=0&hl=en&rclk=1","Tuesday, 10 am to 8 pm; Wednesday, 10 am to 8 pm; Thursday, 10 am to 8 pm; Friday, 10 am to 8 pm; Saturday, 10 am to 8 pm; Sunday, Closed; Monday, 10 am to 8 pm. Hide open hours for the week","40.70017","-111.8839001","+1 801-466-4330","4.8","725","Utah","facebook.com"
"9236 Village Shop Dr, Sandy, UT 84070, United States","Jim's","American restaurant","Sandy","https://www.google.com/maps/place/Jim's/@40.5838468,-111.8631791,17z/data=!3m1!4b1!4m6!3m5!1s0x875287b62d37a07b:0x8f4cc53f4c7672b4!8m2!3d40.5838468!4d-111.8631791!16s%2Fg%2F1tdvf1c0?authuser=0&hl=en&entry=ttu&g_ep=EgoyMDI1MDUxMS4wIKXMDSoASAFQAw%3D%3D","Tuesday, 7 am to 9 pm; Wednesday, 7 am to 9 pm; Thursday, 7 am to 9 pm; Friday, 7 am to 9 pm; Saturday, 7 am to 9 pm; Sunday, 7 am to 9 pm; Monday, 7 am to 9 pm. Hide open hours for the week","40.5838468","-111.8631791","+1 801-553-8100","4.4","1768","Utah","jimsfamilyrestaurant.com"
"905 E 900 S, Salt Lake City, UT 84105, United States","Vessel Kitchen","Restaurant","Salt Lake City","https://www.google.com/maps/place/Vessel+Kitchen/data=!4m7!3m6!1s0x8752f5dcf3e361e9:0x3457bd45a2234b0d!8m2!3d40.7500795!4d-111.8648397!16s%2Fg%2F11hfyhl6t_!19sChIJ6WHj89z1UocRDUsjokW9VzQ?authuser=0&hl=en&rclk=1","Tuesday, 11 am to 9 pm; Wednesday, 11 am to 9 pm; Thursday, 11 am to 9 pm; Friday, 11 am to 9 pm; Saturday, 11 am to 9 pm; Sunday, 11 am to 9 pm; Monday, 11 am to 9 pm. Hide open hours for the week","40.7500795","-111.8648397","+1 801-810-1950","4.5","855","Utah","vesselkitchen.com"
"546 Main St, Eureka, UT 84628, United States","B's Hangout","American restaurant","Mammoth","https://www.google.com/maps/place/B%27s+Hangout/data=!4m7!3m6!1s0x874d110446fde897:0x16ac17af4fea8f3b!8m2!3d39.9589899!4d-112.1030535!16s%2Fg%2F11cnwgsd_z!19sChIJl-j9RgQRTYcRO4_qT68XrBY?authuser=0&hl=en&rclk=1","Tuesday, 11 am to 8 pm; Wednesday, 11 am to 8 pm; Thursday, 11 am to 8 pm; Friday, 11 am to 8 pm; Saturday, 11 am to 8 pm; Sunday, Closed; Monday, Closed. Hide open hours for the week","39.9589899","-112.1030535","+1 435-433-2337","4.7","279","Utah",
"469 E 300 S, Salt Lake City, UT 84111, United States","The Other Place Restaurant","Greek restaurant","Salt Lake City","https://www.google.com/maps/place/The+Other+Place+Restaurant/data=!4m7!3m6!1s0x8752f51496fd2a7f:0x58b6427f06e89439!8m2!3d40.7630458!4d-111.8773772!16s%2Fg%2F1tvw5dpp!19sChIJfyr9lhT1UocROZToBn9Ctlg?authuser=0&hl=en&rclk=1","Tuesday, 8 am to 9 pm; Wednesday, 8 am to 9 pm; Thursday, 8 am to 9 pm; Friday, 8 am to 9 pm; Saturday, 8 am to 9 pm; Sunday, 8 am to 9 pm; Monday, Closed. Hide open hours for the week",,,"+1 801-521-6567","4.6","2253","Utah","theotherplacerestaurant.com"
"77 W 200 S #100, Salt Lake City, UT 84101, United States","Matteo Ristorante Italiano","Italian restaurant","Salt Lake City","https://www.google.com/maps/place/Matteo+Ristorante+Italiano/data=!4m7!3m6!1s0x8752f5823e8cb2ff:0x43f3b775db59834c!8m2!3d40.7646925!4d-111.8935288!16s%2Fg%2F11v0t5gc38!19sChIJ_7KMPoL1UocRTINZ23W380M?authuser=0&hl=en&rclk=1","Tuesday, 4:30 to 9:30 pm; Wednesday, 4:30 to 9:30 pm; Thursday, 4:30 to 9:30 pm; Friday, 4:30 to 9:30 pm; Saturday, 4:30 to 9:30 pm; Sunday, 4:30 to 9:30 pm; Monday, 4:30 to 9:30 pm. Hide open hours for the week","40.7646925","-111.8935288","+1 385-549-1992","4.7","478","Utah","matteoutah.com"
"2000 Cir of Hope Dr, Salt Lake City, UT 84112, United States","The Point Restaurant","Grill","Salt Lake City","https://www.google.com/maps/place/The+Point+Restaurant/data=!4m7!3m6!1s0x87525f97c0e46b09:0x4491462017de184f!8m2!3d40.7723274!4d-111.834732!16s%2Fg%2F1thw2mjl!19sChIJCWvkwJdfUocRTxjeFyBGkUQ?authuser=0&hl=en&rclk=1","Tuesday, 7 am to 2 pm; Wednesday, 7 am to 2 pm; Thursday, 7 am to 2 pm; Friday, 7 am to 2 pm; Saturday, Closed; Sunday, Closed; Monday, 7 am to 2 pm. Hide open hours for the week","40.7723274","-111.834732","+1 801-585-0616","4.3","161","Utah",
"1146 E Fort Union Blvd, Midvale, UT 84047, United States","Vessel Kitchen","Restaurant","Midvale","https://www.google.com/maps/place/Vessel+Kitchen/data=!4m7!3m6!1s0x875289607798bc43:0xd6795328c6f3d4fb!8m2!3d40.6240281!4d-111.8601902!16s%2Fg%2F11h5twd7bl!19sChIJQ7yYd2CJUocR-9TzxihTedY?authuser=0&hl=en&rclk=1","Tuesday, 11 am to 9 pm; Wednesday, 11 am to 9 pm; Thursday, 11 am to 9 pm; Friday, 11 am to 9 pm; Saturday, 11 am to 9 pm; Sunday, 11 am to 9 pm; Monday, 11 am to 9 pm. Hide open hours for the week","40.6240281","-111.8601902","+1 801-337-5055","4.4","810","Utah","vesselkitchen.com"
"53 W 400 N, Moab, UT 84532, United States","The Broken Oar Restaurant","American restaurant","Moab","https://www.google.com/maps/place/The+Broken+Oar+Restaurant/data=!4m7!3m6!1s0x8747e1c211df32e7:0x1b3a195db9113b9a!8m2!3d38.5790618!4d-109.5519086!16s%2Fg%2F1t_hzgdy!19sChIJ5zLfEcLhR4cRmjsRuV0ZOhs?authuser=0&hl=en&rclk=1","Tuesday, 4:30 to 9 pm; Wednesday, 4:30 to 9 pm; Thursday, 4:30 to 9 pm; Friday, 4:30 to 9 pm; Saturday, 4:30 to 9 pm; Sunday, Closed; Monday, 4:30 to 9 pm. Hide open hours for the week","38.5790618","-109.5519086","+1 435-259-3127","4.5","2984","Utah","thebrokenoarmoab.com"
"27649 Old Lincoln Hwy, Wanship, UT 84017, United States","Yuta","Restaurant","Wanship","https://www.google.com/maps/place/Yuta/data=!4m7!3m6!1s0x87521595ae640001:0x4e82b41e6bb0e5dd!8m2!3d40.8130586!4d-111.4457247!16s%2Fg%2F11h3v670s0!19sChIJAQBkrpUVUocR3eWwax60gk4?authuser=0&hl=en&rclk=1","Tuesday, 7 am to 9 pm; Wednesday, 7 am to 9 pm; Thursday, 7 am to 9 pm; Friday, 7 am to 9 pm; Saturday, 7 am to 9 pm; Sunday, 7 am to 9 pm; Monday, 7 am to 9 pm. Hide open hours for the week","40.8130586","-111.4457247","+1 435-336-6420","4.4","62","Utah","aubergeresorts.com"
"341 S Main St STE 101, Salt Lake City, UT 84111, United States","Felt Bar & Eatery","Cocktail bar","Salt Lake City","https://www.google.com/maps/place/Felt+Bar+%26+Eatery/data=!4m7!3m6!1s0x8752f5d6d3d14905:0xde01b627634aea6e!8m2!3d40.7618227!4d-111.890594!16s%2Fg%2F11vr5_03cv!19sChIJBUnR09b1UocRbupKYye2Ad4?authuser=0&hl=en&rclk=1",,,,"+1 385-267-1093","4.8","176","Utah","feltslc.com"
"735 S Main St, Nephi, UT 84648, United States","Lisa's Country Kitchen","American restaurant","Nephi","https://www.google.com/maps/place/Lisa%27s+Country+Kitchen/data=!4m7!3m6!1s0x874c56368a4f29fd:0x7759324d5304d2cb!8m2!3d39.697651!4d-111.835526!16s%2Fg%2F1tdbfxct!19sChIJ_SlPijZWTIcRy9IEU00yWXc?authuser=0&hl=en&rclk=1","Tuesday, 7:30 am to 9:30 pm; Wednesday, 7:30 am to 9:30 pm; Thursday, 7:30 am to 9:30 pm; Friday, 7:30 am to 9:30 pm; Saturday, 7:30 am to 9:30 pm; Sunday, Closed; Monday, 7:30 am to 9:30 pm. Hide open hours for the week",,,"+1 435-623-7900","4.2","1502","Utah","facebook.com"
"20 S 400 W #2020, Salt Lake City, UT 84101, United States","Fleming’s Prime Steakhouse & Wine Bar","Fine dining restaurant","Salt Lake City","https://www.google.com/maps/place/Fleming%E2%80%99s+Prime+Steakhouse+%26+Wine+Bar/data=!4m7!3m6!1s0x8752f501b68f63e1:0xb648f58eccb3b888!8m2!3d40.7687399!4d-111.9033043!16s%2Fg%2F11b5pjj5tp!19sChIJ4WOPtgH1UocRiLizzI71SLY?authuser=0&hl=en&rclk=1",,,"-111.9033043","+1 801-355-3704","4.5","1775","Utah","flemingssteakhouse.com"
"1291 S 1100 E, Salt Lake City, UT 84105, United States","Hub and Spoke Diner","Diner","Salt Lake City","https://www.google.com/maps/place/Hub+and+Spoke+Diner/data=!4m7!3m6!1s0x8752f5551c58e951:0xf4aff47160bddce4!8m2!3d40.7417568!4d-111.8591855!16s%2Fg%2F11b7hm_j8n!19sChIJUelYHFX1UocR5Ny9YHH0r_Q?authuser=0&hl=en&rclk=1","Tuesday, 8 am to 3 pm; Wednesday, 8 am to 3 pm; Thursday, 8 am to 3 pm; Friday, 8 am to 3 pm; Saturday, 8 am to 4 pm; Sunday, 8 am to 4 pm; Monday, 8 am to 3 pm. Hide open hours for the week",,"-111.8591855","+1 801-487-0698","4.4","2744","Utah","hubandspokediner.com"
"751 Lower Main Street, Park City, UT 84060, United States","Butcher's Chop House & Bar","Steak house","Park City","https://www.google.com/maps/place/Butcher%27s+Chop+House+%26+Bar/data=!4m7!3m6!1s0x875272a2b7ab7f9d:0xad3ba4b37ad7adfc!8m2!3d40.6469924!4d-111.4985216!16s%2Fg%2F1tqtb4f9!19sChIJnX-rt6JyUocR_K3XerOkO60?authuser=0&hl=en&rclk=1","Tuesday, 4 to 10 pm; Wednesday, 4 to 10 pm; Thursday, 4 to 10 pm; Friday, 4 to 10 pm; Saturday, 4 to 10 pm; Sunday, 4 to 10 pm; Monday, 4 to 10 pm. Hide open hours for the week",,"-111.4985216","+1 435-647-0040","4.4","1169","Utah","butcherschophouse.com"
"12544 Pasture Rd Ste E, Riverton, UT 84096, United States","Aunty's Hawaiian Kitchen - Riverton","Hawaiian restaurant","Riverton","https://www.google.com/maps/place/Aunty%27s+Hawaiian+Kitchen+-+Riverton/data=!4m7!3m6!1s0x87528527228f3bb9:0x943e0f0198f4a92f!8m2!3d40.5238723!4d-111.9869487!16s%2Fg%2F11rv8025td!19sChIJuTuPIieFUocRL6n0mAEPPpQ?authuser=0&hl=en&rclk=1","Tuesday, 11 am to 2:30 pm, 5 to 8:30 pm; Wednesday, 11 am to 2:30 pm, 5 to 8:30 pm; Thursday, 11 am to 2:30 pm, 5 to 8:30 pm; Friday, 11 am to 2:30 pm, 5 to 8:30 pm; Saturday, 11 am to 8:30 pm; Sunday, Closed; Monday, 11 am to 2:30 pm, 5 to 8:30 pm. Hide open hours for the week",,"-111.9869487","+1 385-296-7065","4.8","534","Utah","auntyshawaiiankitchen.com"
"32 Exchange Pl, Salt Lake City, UT 84111, United States","Twist Bar - Bistro - Social","Bar & grill","Salt Lake City","https://www.google.com/maps/place/Twist+Bar+-+Bistro+-+Social/data=!4m7!3m6!1s0x8752f5104eeaee8d:0xd7096ff2a47248c0!8m2!3d40.761315!4d-111.890123!16s%2Fg%2F11b7rxhkfh!19sChIJje7qThD1UocRwEhypPJvCdc?authuser=0&hl=en&rclk=1","Tuesday, 5 pm to 1 am; Wednesday, 5 pm to 1 am; Thursday, 5 pm to 1 am; Friday, 5 pm to 1 am; Saturday, 5 pm to 1 am; Sunday, 5 pm to 1 am; Monday, Closed. Hide open hours for the week",,"-111.890123","+1 801-322-3200","4.1","1473","Utah","twistslc.com"
"132 S Main St, Salt Lake City, UT 84101, United States","Antica Roma","Restaurant","Salt Lake City","https://www.google.com/maps/place/Antica+Roma/data=!4m7!3m6!1s0x8752f52759d2f929:0xe4888b39b072c727!8m2!3d40.766295!4d-111.891341!16s%2Fg%2F11tmxhp29d!19sChIJKfnSWSf1UocRJ8dysDmLiOQ?authuser=0&hl=en&rclk=1","Tuesday, 5 to 9 pm; Wednesday, 5 to 9 pm; Thursday, 5 to 9 pm; Friday, Closed; Saturday, 5 to 9 pm; Sunday, Closed; Monday, 5 to 9 pm. Hide open hours for the week","40.766295","-111.891341","+1 801-532-0500","4.6","286","Utah","anticaroma.us"
"725 E 12300 S, Draper, UT 84020, United States","Gourmandise","European restaurant","Draper","https://www.google.com/maps/place/Gourmandise/data=!4m7!3m6!1s0x87528758af91471f:0xcd536537f6b1dca0!8m2!3d40.5272482!4d-111.8706298!16s%2Fg%2F11f7nl6qbj!19sChIJH0eRr1iHUocRoNyx9jdlU80?authuser=0&hl=en&rclk=1","Tuesday, 8 am to 9 pm; Wednesday, 8 am to 9 pm; Thursday, 8 am to 9 pm; Friday, 8 am to 10 pm; Saturday, 8 am to 10 pm; Sunday, 9 am to 3 pm; Monday, 8 am to 9 pm. Hide open hours for the week","40.5272482","-111.8706298","+1 801-571-1500","4.3","2520","Utah","gourmandise.com"
"334 E 800 S, Orem, UT 84097, United States","Pitada Brazil","Brazilian restaurant","Orem","https://www.google.com/maps/place/Pitada+Brazil/data=!4m7!3m6!1s0x874d9b29a232d7b9:0x1b68a150e23173e8!8m2!3d40.2819647!4d-111.6873935!16s%2Fg%2F11s7zjn05m!19sChIJudcyoimbTYcR6HMx4lChaBs?authuser=0&hl=en&rclk=1","Tuesday, 9 am to 5 pm; Wednesday, 11:30 am to 7 pm; Thursday, 11:30 am to 7 pm; Friday, 11:30 am to 8 pm; Saturday, 11:30 am to 8 pm; Sunday, Closed; Monday, 11:30 am to 7 pm. Hide open hours for the week",,"-111.6873935","+1 385-241-2124","4.9","895","Utah","pitadabrazil.com"
"1000 S Main St #102, Salt Lake City, UT 84101, United States","Star of India","Indian restaurant","Salt Lake City","https://www.google.com/maps/place/Star+of+India/data=!4m7!3m6!1s0x8752f511a9a95c4d:0xecf9cd238cfb8d94!8m2!3d40.7474442!4d-111.8918728!16s%2Fg%2F1v1vdp1b!19sChIJTVypqRH1UocRlI37jCPN-ew?authuser=0&hl=en&rclk=1","Tuesday, 11 am to 9:30 pm; Wednesday, 11 am to 9:30 pm; Thursday, 11 am to 9:30 pm; Friday, 11 am to 9:30 pm; Saturday, 11 am to 9:30 pm; Sunday, Closed; Monday, 11 am to 9:30 pm. Hide open hours for the week","40.7474442","-111.8918728","+1 801-363-7555","4.5","1864","Utah","starofindiaonline.com"
"600 S 700 E 2nd Floor, Salt Lake City, UT 84102, United States","Rodizio Grill Brazilian Steakhouse Salt Lake City","Brazilian restaurant","Salt Lake City","https://www.google.com/maps/place/Rodizio+Grill+Brazilian+Steakhouse+Salt+Lake+City/data=!4m7!3m6!1s0x8752f569ce1bb32d:0x9fdd8947a4bb171e!8m2!3d40.756758!4d-111.8717483!16s%2Fg%2F1tcxq4fn!19sChIJLbMbzmn1UocRHhe7pEeJ3Z8?authuser=0&hl=en&rclk=1","Tuesday, 12 to 9 pm; Wednesday, 12 to 9 pm; Thursday, 12 to 9 pm; Friday, 12 to 10 pm; Saturday, 11 am to 10 pm; Sunday, 11 am to 9 pm; Monday, 12 to 9 pm. Hide open hours for the week",,"-111.8717483","+1 801-220-0500","4.7","9638","Utah","rodiziogrill.com"
"834 E State St, American Fork, UT 84003, United States","Jim's Family Restaurant","Family restaurant","American Fork","https://www.google.com/maps/place/Jim%27s+Family+Restaurant/data=!4m7!3m6!1s0x874d8159b58e5239:0xa133073005f6390!8m2!3d40.3710931!4d-111.7755133!16s%2Fg%2F1tj_5qgc!19sChIJOVKOtVmBTYcRkGNfAHMwEwo?authuser=0&hl=en&rclk=1","Tuesday, 8 am to 9 pm; Wednesday, 8 am to 9 pm; Thursday, 8 am to 9 pm; Friday, 8 am to 9 pm; Saturday, 7 am to 9 pm; Sunday, 7 am to 9 pm; Monday, 8 am to 9 pm. Hide open hours for the week",,"-111.7755133","+1 801-492-4000","4.3","2404","Utah","jimsfamilyrestaurant.com"
"5 N Main St, Moab, UT 84532, United States","The Spoke on Center","Hamburger restaurant","Moab","https://www.google.com/maps/place/The+Spoke+on+Center/data=!4m7!3m6!1s0x8747e1eeabd0948d:0xea9b835f2d3b1e8!8m2!3d38.5734627!4d-109.5510855!16s%2Fg%2F11b7lm9y56!19sChIJjZTQq-7hR4cR6LHT8jW4qQ4?authuser=0&hl=en&rclk=1","Tuesday, 11 am to 10 pm; Wednesday, 11 am to 10 pm; Thursday, 11 am to 10 pm; Friday, 11 am to 10 pm; Saturday, 11 am to 10 pm; Sunday, 11 am to 10 pm; Monday, 11 am to 10 pm. Hide open hours for the week",,"-109.5510855","+1 435-260-7177","4.2","3225","Utah","thespokemoab.com"
"2820 E 6200 S, Holladay, UT 84121, United States","Cotton Bottom Inn","Restaurant","Holladay","https://www.google.com/maps/place/Cotton+Bottom+Inn/data=!4m7!3m6!1s0x875262548715c553:0x7c64d1a32c5114a5!8m2!3d40.6378366!4d-111.8121202!16s%2Fg%2F1thvhdsb!19sChIJU8UVh1RiUocRpRRRLKPRZHw?authuser=0&hl=en&rclk=1","Tuesday, 11 am to 10 pm; Wednesday, 11 am to 10 pm; Thursday, 11 am to 10 pm; Friday, 11 am to 10 pm; Saturday, 10:30 am to 10 pm; Sunday, 10:30 am to 10 pm; Monday, 11 am to 10 pm. Hide open hours for the week",,"-111.8121202","+1 801-849-8847","4.4","1819","Utah","thecottonbottom.com"
"784 Resort Dr #6463, Midway, UT 84049, United States","Z's Restaurant","Restaurant","Midway","https://www.google.com/maps/place/Z%27s+Restaurant/data=!4m7!3m6!1s0x87527539bb6c8595:0xf82534841131ea5f!8m2!3d40.5254259!4d-111.4886526!16s%2Fg%2F1pp2tl113!19sChIJlYVsuzl1UocRX-oxEYQ0Jfg?authuser=0&hl=en&rclk=1",,,"-111.4886526","+1 435-709-9572","4.1","513","Utah","zermattresort.com"
"1100 W 7800 S #18C, West Jordan, UT 84088, United States","Mystique Dining at Gardner Village","Fine dining restaurant","West Jordan","https://www.google.com/maps/place/Mystique+Dining+at+Gardner+Village/data=!4m7!3m6!1s0x8752898eca444a6d:0x6f3dc824b6110b2f!8m2!3d40.6104811!4d-111.9233645!16s%2Fg%2F11h3cby4x6!19sChIJbUpEyo6JUocRLwsRtiTIPW8?authuser=0&hl=en&rclk=1","Tuesday, 5 to 8 pm; Wednesday, 5 to 8 pm; Thursday, 5 to 8 pm; Friday, 5 to 11 pm; Saturday, 5 to 11 pm; Sunday, Closed; Monday, 5 to 8 pm. Hide open hours for the week",,"-111.9233645","+1 916-293-9000","4.6","582","Utah","mystiquedining.com"
"2222 W 3500 S b7, West Valley City, UT 84119, United States","Tuk Tuk’s of West Valley","Thai restaurant","West Valley City","https://www.google.com/maps/place/Tuk+Tuk%E2%80%99s+of+West+Valley/data=!4m7!3m6!1s0x87528b67e26ee0fb:0xdc0b9b01a17dbe7e!8m2!3d40.6975025!4d-111.947697!16s%2Fg%2F11hzph25vl!19sChIJ--Bu4meLUocRfr59oQGbC9w?authuser=0&hl=en&rclk=1","Tuesday, 11 am to 2:30 pm, 5 to 8:30 pm; Wednesday, 11 am to 2:30 pm, 5 to 8:30 pm; Thursday, 11 am to 2:30 pm, 5 to 8:30 pm; Friday, 11 am to 2:30 pm, 5 to 8:30 pm; Saturday, 11 am to 2:30 pm, 5 to 8:30 pm; Sunday, Closed; Monday, 11 am to 2:30 pm, 5 to 8:30 pm. Hide open hours for the week",,"-111.947697","+1 385-227-8347","4.6","901","Utah","tuktuks-slc.com"
"380 N 850 E, Lehi, UT 84043, United States","Ednas Market & Grille - Lehi","Restaurant","Lehi","https://www.google.com/maps/place/Ednas+Market+%26+Grille+-+Lehi/data=!4m7!3m6!1s0x874d81c85bb88d17:0x347d7d6a441558ac!8m2!3d40.3921733!4d-111.8364884!16s%2Fg%2F11pcp9h2dh!19sChIJF424W8iBTYcRrFgVRGp9fTQ?authuser=0&hl=en&rclk=1","Tuesday, 11 am to 8:15 pm; Wednesday, 11 am to 8:15 pm; Thursday, 11 am to 8:15 pm; Friday, 11 am to 9 pm; Saturday, 11 am to 9 pm; Sunday, Closed; Monday, 11 am to 8:15 pm. Hide open hours for the week",,"-111.8364884","+1 385-287-0887","4.5","596","Utah","ednasgrill.com"
"54 W 1700 S, Salt Lake City, UT 84115, United States","Sweet Lake Biscuits & Limeade","Breakfast restaurant","Salt Lake City","https://www.google.com/maps/place/Sweet+Lake+Biscuits+%26+Limeade/data=!4m7!3m6!1s0x8752f52d5461c70d:0xe83b5f48b7c80681!8m2!3d40.7337019!4d-111.8928551!16s%2Fg%2F11cnbz379p!19sChIJDcdhVC31UocRgQbIt0hfO-g?authuser=0&hl=en&rclk=1","Tuesday, 8:30 am to 3 pm; Wednesday, 8:30 am to 3 pm; Thursday, 8:30 am to 3 pm; Friday, 8:30 am to 3 pm; Saturday, 8 am to 4 pm; Sunday, 8 am to 4 pm; Monday, 8:30 am to 3 pm. Hide open hours for the week",,"-111.8928551","+1 801-953-1978","4.4","3240","Utah","sweetlakefresh.com"
"3524 S 2200 W, West Valley City, UT 84119, United States","Cafe Silvestre","Mexican restaurant","West Valley City","https://www.google.com/maps/place/Cafe+Silvestre/data=!4m7!3m6!1s0x87528b63ad90f31d:0x7f880328c0472aec!8m2!3d40.6960969!4d-111.9488151!16s%2Fg%2F1v_z4t86!19sChIJHfOQrWOLUocR7CpHwCgDiH8?authuser=0&hl=en&rclk=1",,,"-111.9488151","+1 801-972-5582","4.6","1714","Utah","cafesilvestrerestaurants.com"
"1904 W 5400 S, Taylorsville, UT 84129, United States","Texas Roadhouse","Steak house","Taylorsville","https://www.google.com/maps/place/Texas+Roadhouse/data=!4m7!3m6!1s0x87528bfb9df074cf:0x548b15973c8842cf!8m2!3d40.6542437!4d-111.9430149!16s%2Fg%2F1v_z9d27!19sChIJz3TwnfuLUocRz0KIPJcVi1Q?authuser=0&hl=en&rclk=1",,,"-111.9430149","+1 801-955-7514","4.4","8060","Utah","texasroadhouse.com"
"326 S W Temple St, Salt Lake City, UT 84101, United States","Gracie's","Bar","Salt Lake City","https://www.google.com/maps/place/Gracie%27s/data=!4m7!3m6!1s0x8752f51acaa00a6d:0xcfe0aea885be7929!8m2!3d40.7620799!4d-111.8944319!16s%2Fm%2F0lfy4ws!19sChIJbQqgyhr1UocRKXm-haiu4M8?authuser=0&hl=en&rclk=1",,,"-111.8944319","+1 801-819-7565","4.2","3869","Utah","graciesslc.com"
"5284 Commerce Dr C174, Murray, UT 84107, United States","Hwa | Korean & Japanese Restaurant","Korean restaurant","Murray","https://www.google.com/maps/place/Hwa+%7C+Korean+%26+Japanese+Restaurant/data=!4m7!3m6!1s0x87528a2a3db66151:0xd77a883fbf39286c!8m2!3d40.6566055!4d-111.8993562!16s%2Fg%2F1hc5pz7xx!19sChIJUWG2PSqKUocRbCg5vz-Ietc?authuser=0&hl=en&rclk=1","Tuesday, 11 am to 3 pm, 5 to 9 pm; Wednesday, 11 am to 3 pm, 5 to 9 pm; Thursday, 11 am to 3 pm, 5 to 9 pm; Friday, 11 am to 3 pm, 5 to 9 pm; Saturday, 11 am to 3 pm, 5 to 9 pm; Sunday, Closed; Monday, 11 am to 3 pm, 5 to 9 pm. Hide open hours for the week",,"-111.8993562","+1 801-266-2901","4.6","642","Utah","hwaslc.com"
"1728 Park Ave, Riverton, UT 84065, United States","Jim's Family Restaurant","Family restaurant","Riverton","https://www.google.com/maps/place/Jim%27s+Family+Restaurant/data=!4m7!3m6!1s0x87528690646bbeb5:0xa427659416c68700!8m2!3d40.5191264!4d-111.9393286!16s%2Fg%2F1td1dx2b!19sChIJtb5rZJCGUocRAIfGFpRlJ6Q?authuser=0&hl=en&rclk=1","Tuesday, 7 am to 9 pm; Wednesday, 7 am to 9 pm; Thursday, 7 am to 9 pm; Friday, 7 am to 9 pm; Saturday, 7 am to 9 pm; Sunday, 7 am to 4 pm; Monday, 7 am to 9 pm. Hide open hours for the week",,"-111.9393286","+1 801-446-7670","4.4","2069","Utah","jimsfamilyrestaurant.com"
"601 W Main St, American Fork, UT 84003, United States","In-N-Out Burger","Hamburger restaurant","American Fork","https://www.google.com/maps/place/In-N-Out+Burger/data=!4m7!3m6!1s0x874d819eca1b74f1:0xe0d1574b6ec8a751!8m2!3d40.3758951!4d-111.8147053!16s%2Fg%2F1tfkwst2!19sChIJ8XQbyp6BTYcRUafIbktX0eA?authuser=0&hl=en&rclk=1","Tuesday, 10:30 am to 1 am; Wednesday, 10:30 am to 1 am; Thursday, 10:30 am to 1 am; Friday, 10:30 am to 1:30 am; Saturday, 10:30 am to 1:30 am; Sunday, 10:30 am to 1 am; Monday, 10:30 am to 1 am. Hide open hours for the week","40.3758951","-111.8147053","+1 800-786-1000","4.5","6465","Utah","locations.in-n-out.com"
"754 E S Temple St, Salt Lake City, UT 84102, United States","Sawadee (Utah) Thai Restaurant","Thai restaurant","Salt Lake City","https://www.google.com/maps/place/Sawadee+%28Utah%29+Thai+Restaurant/data=!4m7!3m6!1s0x8752f57079ee8649:0xa7ea2a41e6916bb7!8m2!3d40.7690835!4d-111.8692169!16s%2Fg%2F1wtbvcb2!19sChIJSYbueXD1UocRt2uR5kEq6qc?authuser=0&hl=en&rclk=1","Tuesday, 11 am to 3 pm, 5 to 9 pm; Wednesday, 11 am to 3 pm, 5 to 9 pm; Thursday, 11 am to 3 pm, 5 to 9 pm; Friday, 11 am to 3 pm, 5 to 9:30 pm; Saturday, 12 to 9:30 pm; Sunday, 4 to 9 pm; Monday, 11 am to 3 pm, 5 to 9 pm. Hide open hours for the week",,"-111.8692169","+1 801-328-8424","4.4","2581","Utah","sawadeethaiutah.com"
"190 S State St, Lindon, UT 84042, United States","Oteo","Mexican restaurant","Lindon","https://www.google.com/maps/place/Oteo/data=!4m7!3m6!1s0x874d85026024aa4d:0xf0ab4cdb6159c58f!8m2!3d40.3339021!4d-111.7141877!16s%2Fg%2F11bbx0cqx2!19sChIJTaokYAKFTYcRj8VZYdtMq_A?authuser=0&hl=en&rclk=1","Tuesday, 11 am to 3 pm, 5 to 9 pm; Wednesday, 11 am to 3 pm, 5 to 9 pm; Thursday, 11 am to 3 pm, 5 to 9 pm; Friday, 11 am to 3 pm, 5 to 9 pm; Saturday, 12 to 3 pm, 5 to 9 pm; Sunday, Closed; Monday, Closed. Hide open hours for the week","40.3339021","-111.7141877","+1 385-323-7990","4.5","681","Utah","oteorestaurant.com"
"722 State St, Salt Lake City, UT 84111, United States","Sapa","Japanese restaurant","Salt Lake City","https://www.google.com/maps/place/Sapa/data=!4m7!3m6!1s0x8752f53d8afc06f5:0x46fc57dcb792de60!8m2!3d40.7535541!4d-111.8884772!16s%2Fg%2F1vlzbvnf!19sChIJ9Qb8ij31UocRYN6St9xX_EY?authuser=0&hl=en&rclk=1","Tuesday, 11 am to 3 pm, 5 to 9 pm; Wednesday, 11 am to 3 pm, 5 to 9 pm; Thursday, 11 am to 3 pm, 5 to 9 pm; Friday, 11 am to 3 pm, 5 to 10 pm; Saturday, 5 to 10 pm; Sunday, Closed; Monday, 11 am to 3 pm, 5 to 9 pm. Hide open hours for the week","40.7535541","-111.8884772","+1 801-363-7272","4.6","3302","Utah","sapabarandgrill.com"
"7777 S State St, Midvale, UT 84047, United States","Del Barrio Cafe","Mexican restaurant","Midvale","https://www.google.com/maps/place/Del+Barrio+Cafe/data=!4m7!3m6!1s0x8752899e86dd2751:0x64010be35765154c!8m2!3d40.6099346!4d-111.8905072!16s%2Fg%2F11np8rshbf!19sChIJUSfdhp6JUocRTBVlV-MLAWQ?authuser=0&hl=en&rclk=1","Tuesday, 9 am to 9 pm; Wednesday, 9 am to 9 pm; Thursday, 9 am to 9 pm; Friday, 8:30 am to 10 pm; Saturday, 8:30 am to 10 pm; Sunday, Closed; Monday, 9 am to 9 pm. Hide open hours for the week",,"-111.8905072","+1 801-902-9971","4.8","1214","Utah","delbarriocafe.com"
"260 S 200 W, Salt Lake City, UT 84101, United States","Settebello Pizzeria Napoletana","Pizza restaurant","Salt Lake City","https://www.google.com/maps/place/Settebello+Pizzeria+Napoletana/data=!4m7!3m6!1s0x8752f5048d1cb17f:0xa6a2f46fbc4ca9e0!8m2!3d40.7634871!4d-111.8970853!16s%2Fg%2F1tn068by!19sChIJf7EcjQT1UocR4KlMvG_0oqY?authuser=0&hl=en&rclk=1","Tuesday, 11 am to 10 pm; Wednesday, 11 am to 10 pm; Thursday, 11 am to 10 pm; Friday, 11 am to 10 pm; Saturday, 11 am to 10 pm; Sunday, 12 to 9 pm; Monday, 11 am to 10 pm. Hide open hours for the week",,"-111.8970853","+1 801-322-3556","4.5","3718","Utah","settebello.net"
"1072 Fort Union Blvd, Midvale, UT 84047, United States","Cubby's","American restaurant","Midvale","https://www.google.com/maps/place/Cubby%27s/data=!4m7!3m6!1s0x875289b7d38d2d1d:0x9b2cdd811eb46be6!8m2!3d40.6225021!4d-111.8617045!16s%2Fg%2F11lky6sxy6!19sChIJHS2N07eJUocR5mu0HoHdLJs?authuser=0&hl=en&rclk=1",,"40.6225021","-111.8617045","+1 385-309-1500","4.0","481","Utah","cubbys.co"
"101 W Main St, Midway, UT 84049, United States","Café Galleria - Midway, Utah","Italian restaurant","Midway","https://www.google.com/maps/place/Caf%C3%A9+Galleria+-+Midway,+Utah/data=!4m7!3m6!1s0x87520aaccfa7ff99:0xd8db6a5c328657cc!8m2!3d40.5119444!4d-111.4747222!16s%2Fg%2F1td1vy59!19sChIJmf-nz6wKUocRzFeGMlxq29g?authuser=0&hl=en&rclk=1",,"40.5119444","-111.4747222","+1 435-657-2002","4.0","2287","Utah","thecafegalleria.com"
"154 S Main St, Heber City, UT 84032, United States","Chick's Café","American restaurant","Heber","https://www.google.com/maps/place/Chick%27s+Caf%C3%A9/data=!4m7!3m6!1s0x874df5905b525b77:0xef3d77fcb26c7a0a!8m2!3d40.5056449!4d-111.4137228!16s%2Fg%2F1tgh80sy!19sChIJd1tSW5D1TYcRCnpssvx3Pe8?authuser=0&hl=en&rclk=1","Tuesday, 7 am to 9 pm; Wednesday, 7 am to 9 pm; Thursday, 7 am to 9 pm; Friday, 7 am to 9 pm; Saturday, 7 am to 9 pm; Sunday, 7 am to 9 pm; Monday, 7 am to 9 pm. Hide open hours for the week","40.5056449","-111.4137228","+1 435-654-1771","4.4","1440","Utah","facebook.com"
"8612 1300 E, Sandy, UT 84094, United States","Fratelli Ristorante","Italian restaurant","Sandy","https://www.google.com/maps/place/Fratelli+Ristorante/data=!4m7!3m6!1s0x875287fdfcad467f:0xff3a3aa24a9f0638!8m2!3d40.5948071!4d-111.8535327!16s%2Fg%2F1tjfbrbm!19sChIJf0at_P2HUocROAafSqI6Ov8?authuser=0&hl=en&rclk=1","Tuesday, 11 am to 9 pm; Wednesday, 11 am to 9 pm; Thursday, 11 am to 9 pm; Friday, 11 am to 9 pm; Saturday, 11 am to 9 pm; Sunday, Closed; Monday, 11 am to 9 pm. Hide open hours for the week","40.5948071","-111.8535327","+1 801-495-4550","4.2","1106","Utah","fratelliutah.com"
